{
  "site": {
    "url": "http://89.140.19.130:8050/API_BRIDGE_PRE/api/"
  },
  "login": {
    "nombre": "dtservic$A$d15ervLc$A$es.travel$A$3s.t8aUe1",
    "id": "1633344481"
  },
  "general": {
    "ConexionIacpos": "1437",
    "Idioma": "es-ES",
    "EnlaceMenuId": "",
    "GruposInternet": "",
    "Espectaculo": "0",
    "GrupoRecinto": "0",
    "Recinto": "0",
    "Nombre": "dtservices.travel"
  },
  "paramInsercion":{
        "transaction_id" : "", 
        "ConexionIacpos": 1437,     
        "Idioma": "es-ES",          
        "NumeroEntradasTotal": 0,  
        "Fecha": "2020/12/31",
        "Hora": "10:00:00",
        "EntradasGratuitas": 0,
        "ImporteInicial": 0,       
        "TotalReserva": 0,         
        "TipoReserva": 0,          
        "Accion": 1,
        "Audioguia": 0,
        "Notas": "",
        "EntradasSinFecha": 0,
        "EntradasSinHora": 0,
        "ClaveReserva": "",        
        "LetraLocalizador": "N",   
        "NumeroPedido": "",
        "CodigoValidacionUnico": "",  
        "EnlaceMenu": "",             
        "ExternoId": 0,
        "UsuarioBDId": 0,
        "NombreUsuarioBD": "",
        "ReservasAdicionales": {
          "TipoCentro":"",
          "Educador":"",
          "Curso":"",
          "RequiereInterprete":0,
          "ComoConocio":"",
          "NombreAdulto1":"",
          "NombreAdulto2":"",
          "NombreNinio1":"",
          "NombreNinio2":"",
          "NombreNinio3":"",
          "EdadNinio1":0,
          "EdadNinio2":0,
          "EdadNinio3":0,
          "FechaNacimientoNinio1":"",
          "NoDocumento":"",
          "TelefonoNinio1":"",
          "EmailNinio1":"",
          "TelefonoAdulto1":"",
          "EmailAdulto1":"",
          "MesListaEspera":"",
          "TurnoListaEspera":"",
          "CheckPublicidad":0,
          "FechaSolicitudDesde":"",
          "FechaSolicitudHasta":"",
          "HoraSolicitudDesde":"",
          "HoraSolicitudHasta":"",
          "EstadoSolicitud":"",
          "ClaveReservaAnexa":"",
          "FechaSolicitudDesdeUTC":null,
          "FechaSolicitudHastaUTC":null,
          "HoraSolicitudDesdeUTC":null,
          "HoraSolicitudHastaUTC":null,
          "Idioma":"es-ES",
          "Alergias":null,
          "AlergiasRecibido":null
      },
        "clienteAPI": "",
        "clienteCompra": {
            "Nombre": "",         
            "Contrasena": "",                           
            "NombreContacto": "",                       
            "PersonaPago": "",                          
            "Telefono": "0",                            
            "Direccion": "",
            "Ciudad": "",
            "ProvinciaContacto": "",
            "CodigoPostal": "",
            "Pais": "",
            "Email": ""                                 
        },
        "ProductosCompra": [{
            "EsBono": 0,                
            "ProductoId": 284,
            "NombreProducto": "EXCLUSIVE DAY TOUR ADULTO",
            "DescripcionProducto": "",
            "Cantidad": 2,
            "GrupoInternet": 31,
            "NombreGrupoInternet": "",
            "PrecioBruto": 0,
            "PvpProducto": 0,
            "Comision": 0,
            "IvaComision": 0,
            "CodigoPromocional": "",
            "Conjunta": 0,
            "TotalEntradas": 0,
            "DesglosarComision": 0,
            "FechaVisita": "2020/12/31",
            "butacas": [],
            "AforosConsumidos": [
                {
                    "IdRecinto": 13,
                    "NombreRecinto": "EXCLUSIVE DAY TOUR",
                    "DescripcionRecinto": "",
                    "FechaVisita": "2020/12/31",
                    "HoraVisita": "10:00:00",
                    "TotalAforo": 2,
                    "TipoAforo": null
                }
            ],
            "PersonasReserva": null,
            "InformacionListasBlancas": null,
            "TipoListado": 0
        }] ,
        "ClaveReservaOrigen": "",
        "GenerarFactura": 0,
        "FOP": "DP"
    }



}